epoch,accuracy,loss,lr,val_accuracy,val_loss
0,0.6394779682159424,0.6533051133155823,1e-04,0.7838541865348816,0.5690467953681946
1,0.7350733876228333,0.563989520072937,1e-04,0.80078125,0.48351791501045227
2,0.7654159665107727,0.5083472728729248,1e-04,0.8229166865348816,0.4268740117549896
3,0.7866231799125671,0.4666405916213989,1e-04,0.81640625,0.43181905150413513
4,0.7960848212242126,0.45511355996131897,1e-04,0.8190104365348816,0.40643712878227234
5,0.8039151430130005,0.44832295179367065,1e-04,0.8111979365348816,0.42472919821739197
