epoch,accuracy,loss,lr,val_accuracy,val_loss
0,0.7843393087387085,0.47255241870880127,0.0001342382,0.9049479365348816,0.2564372718334198
1,0.881566047668457,0.2880500257015228,0.0001342382,0.9283854365348816,0.1984594613313675
2,0.9151712656021118,0.22321954369544983,0.0001342382,0.9153645634651184,0.2007732391357422
3,0.9275693297386169,0.19244518876075745,0.0001342382,0.9427083134651184,0.16822461783885956
4,0.9272430539131165,0.1848902404308319,0.0001342382,0.9401041865348816,0.16716615855693817
5,0.9412724375724792,0.16702482104301453,0.0001342382,0.9375,0.1670020967721939
6,0.9500815868377686,0.14013169705867767,0.0001342382,0.92578125,0.18534798920154572
